feature_0,feature_1,feature_2,feature_3,y
-100.50148092066001,-149.24434438982922,54.27737443261392,92.21180999687387,3.659024108650698
-12.753208257620763,153.39993911142378,-73.26192004551066,362.69534235500646,79.80164933349073
162.64036489609288,115.06742594115329,4.021764568280382,105.06984756476658,108.16443399778014
43.79446212359026,-56.57128597481253,325.4802052375885,-158.45167722377474,42.223001620244595
87.71984324325916,-70.94804067963037,216.55893672826218,-4.821322064008434,81.75528656151616
65.22525998239797,20.363749863717004,280.81398156722025,80.87994837519679,47.35217800608018
190.19379654378602,71.6007939051184,193.21080772693034,55.58591551071085,29.5088456413309
221.90373740841423,-91.43433770330208,81.78152833793419,-85.20240370724994,32.75101482098896
162.89984567558227,125.92183607298443,41.72025979002842,102.24575443716967,84.22180292099506
-4.223334194958163,38.84402605653435,50.890855725381755,130.23495839213933,0.3146465269634504
188.43775164792834,-94.44531513413551,-132.14693947678364,-1.1132494691091992,147.3393828862134
-39.340182768004844,12.758735389640535,33.34989964008956,79.01034537384754,-0.42772997126869683
-105.6045590497888,-90.35617451556004,68.16619081265063,133.4576487704024,44.03130405191977
294.4549601926019,-233.8568729263079,-120.26770053477497,-17.872443041086136,20.05190839047323
151.04624722765155,122.53138898293867,60.739837536513626,-48.02527692933261,35.73709514458306
66.31172878275582,-288.3965606079123,12.704007921180533,115.66664056541862,32.94221857499516
-197.78841657677222,227.36947519789769,-143.1649301306815,-44.29296708303726,140.1583903513859
60.45046006333363,24.934786624879592,8.813309940392713,48.84316125223093,24.25758331128422
169.23930033781158,-177.74717900349444,-14.08012758399429,37.14548251805164,66.65416385902445
-122.398590299739,68.55137920268133,-71.15360680870992,154.1110053319055,87.44426650436957
269.84248623269906,283.65433859591775,-131.3481953532346,121.33601945436891,22.902873333149923
-38.63561942684894,116.54379902326107,-219.76479475778248,19.788918151141942,60.71624051526821
206.00295380462623,108.03555470736399,-44.73321100991584,97.21598839962036,60.22373473266258
13.103768514071042,0.8077844436335795,74.57220059122014,126.44503355045234,17.35172508529928
-60.69658265040331,151.30411735444443,19.228259052390946,165.11379690761785,85.68399591688944
79.48161345202853,-1.4415176378283974,-21.034887837843023,230.79244225011448,67.28896265229008
-101.94401328188616,290.6396650635086,88.57254992118001,134.82639069319606,50.080782769726966
285.23139550628633,-230.5834272401971,89.14966253335442,177.5805723138414,80.41463399329898
22.77184624752951,236.7529804260377,324.95509541431306,-80.62860999976738,4.138175263495761
266.84922422485204,-9.963143630437322,25.220315496354843,142.56877051741196,10.530361642068797
282.77326537773985,-8.496828562773544,73.85044964410433,112.38946064534699,49.12842807159376
213.09070013107583,-63.57233313828777,-28.22395582079549,58.871692554137915,32.516701216439735
-148.8528842445845,16.42814860756861,31.761885867922583,206.570193820611,94.7678619564112
-285.3045019128261,-56.576155478470405,178.03031042376756,31.316660055106706,31.82922281953124
83.95486443303903,-137.43220135116204,179.63512960152423,168.50562972126602,28.24293241963977
84.57518873046666,8.272220607192665,-98.83995382180387,155.85250738874447,5.270672501206207
125.31466180298477,19.947668390947506,-94.85412459889187,47.855214864075535,-8.586705834737913
119.97725292475297,-30.70898123625546,230.81083731884718,55.92251520631535,39.10540924055233
165.83235755005492,189.8623899032749,100.17865784649888,203.0483486692628,13.477837731052347
291.7397450624962,184.66252868287597,28.27133310143772,-124.28318135038492,75.39300791147912
123.78669118107493,-90.32133697214877,76.33238601228689,-35.821248963065365,41.17918363058188
-69.64832368141163,171.46148254341497,20.11599125472162,56.294960537479085,49.004412928023946
23.97993321799247,238.43797490166466,194.02026793488693,-27.496853352623567,12.110652753942922
-53.87103423315103,150.0332068106846,118.9233312299316,121.86360713454312,39.89689973968444
-93.64320177337001,81.50139046257273,130.26214462074464,-22.940336742011503,-1.5022512782252946
-15.241476639319139,-114.22133567298536,359.511311711279,192.23630090980873,56.62693388781723
148.45197846835424,266.35154673849496,-175.3751956861197,-72.06899185451601,49.60886254311226
48.87646422688097,-91.62080907581824,-38.355800759133736,311.57545874403377,2.5811063963289698
449.78187989916364,-157.6545443978548,53.54064987133604,63.219466595835186,56.62061062890038
-49.38483144993268,-189.20101581148214,83.55187544438036,14.035624657874685,58.13966026725223
21.091859414677174,141.92642749223862,252.64071432135174,29.1686431050887,80.31067727218836
40.253856189633176,-157.93123044356182,68.53021733333168,193.5716285619376,61.40449255331952
-20.462022799714596,-119.11124768552304,177.02284841989854,210.59172816704168,71.56338797837752
-45.114786348226424,122.06911723605958,-48.29412912418848,-105.3709023404858,49.946159959659596
163.9441282834947,-198.4732493249506,252.97334751647324,91.38771323847257,-15.607562365568711
-179.12349648836866,153.61299712137978,-122.87976362403083,72.00935042635507,60.92711855368089
46.46027707695207,132.92592644944787,-81.89853811703921,296.88533099636913,52.20921478106324
56.9529414796303,212.83424904666305,119.74928914907676,3.308630113622243,33.38376179947467
51.848767701357005,148.06079987230024,72.44064873914279,-160.25352183567642,55.76461027861003
161.9527575500615,91.4724654247447,68.04344112453036,88.7331914751006,76.89245428928933
36.01090682327985,114.39355522408238,92.54085017161673,142.95559837234498,99.04881889346115
102.2077765564298,48.489954719049436,102.23799436966802,107.75475990697598,38.9186208732827
156.44239925269312,112.55790318494994,49.75560067204341,-128.39950054036584,46.718876613126355
139.80947148669875,171.37345241792178,36.50609099135856,197.0964255003151,47.23923756302949
183.79739505125957,172.8927613585377,-42.58798659018766,92.13886404610882,40.3360106959916
144.23045462867202,-51.73108385181215,157.81450190290732,155.13231472895367,73.27799723111498
73.7048326513196,-190.13719315324371,-167.8081093563901,-193.1239754677153,41.547882611536295
143.71445761653302,111.07970138888858,-430.59884530793795,43.00639462252408,54.38054037767235
65.25568388032295,80.14117725732783,103.787709230687,174.12191968436713,51.41017006237739
235.66951842348882,-94.71118583540957,163.05921684667538,-87.04356201830265,68.3787436557645
21.394975274970612,24.7660475540055,29.736504976399058,-175.91043128829665,81.18732920157589
225.27637048532608,139.29401007316636,174.74611111633342,6.136347865856429,68.49784286872317
154.07784465498602,17.250055856241133,-20.797500138678224,-25.720396978019387,25.227496497282395
-80.76139920193498,41.990693316306185,-287.95150822991576,109.45421668613878,17.787875051777903
-113.0733842456047,70.98120186572561,-37.172038777841,217.21270800791646,34.79606802342632
-132.44948727750412,239.48483853403118,64.74844897169686,48.793367002702524,-2.5882286180466494
-6.123011454237158,256.815231163927,262.4533797595252,-155.91157390154123,37.265579145906436
181.13170917834992,-108.9910997060995,49.45021997344058,110.82063289670556,2.8741343826039696
137.20895246589248,197.0490787758041,-75.46763975005447,78.10824649323352,70.26680552331509
125.67224300580529,33.2760622764074,-42.70562275479963,171.18853596013128,11.434946415543287
42.96125638720505,169.7717392055608,8.754296010664824,-182.872006802636,-18.37167052840269
58.221696697512485,136.53179005099935,419.43253073786536,49.99960260602441,95.7588396609791
-218.3573812916654,-28.627946251198402,-15.966161132352035,56.93613561930247,32.60169316068426
163.79627479671396,-4.062697218005404,-4.846430801078036,16.61367151483769,79.58772171632748
40.98125022412695,-114.11044785355193,-149.0842095668377,-2.064328170941444,22.471784519137696
-32.41901053227266,-46.597560871109955,104.69903723148663,-39.15320748141128,58.39047606428346
208.0838465135903,-71.92406150659545,153.05501108261916,32.53896387951451,47.556539421175295
51.715526580441136,229.18658291908014,111.81924128894815,-34.50878948501812,132.18512863902828
-8.230282511425976,43.54437145601423,110.9923571041946,290.74925608179274,39.41728863014909
73.16208994714094,178.39343090542658,154.5841268851383,53.535798897310976,46.89643695456608
-57.549330698559906,163.71804134075353,-2.0668852284432546,43.29507365825803,58.61603971203292
-60.624836980331885,-155.2406058838858,276.86211786282905,123.54650054450568,66.16215866838158
-35.55900922353012,194.71373391057097,193.14418430989858,160.79937470221415,73.95663244228525
263.7653306811702,46.51135910543225,52.90178804537262,292.75505886114234,78.94705112022925
-56.08571942901414,93.43500172268662,-18.954625383412967,25.692788748395554,31.451640787584797
201.93554700442866,367.8894528170298,104.23908142854313,-5.9122588361608805,41.280041918053655
51.85714502605495,259.085407727427,-206.65707378387353,300.3121418357579,78.07882004630997
147.996114520592,219.99709027285365,14.270458933551865,72.42625419537201,54.3450644181332
17.946345539295955,57.13077316950038,138.8846826934562,330.1112969418748,13.387233724993948
104.0981510782544,66.0952935220117,231.00144263668565,-83.90757927245195,54.04311659388008
-36.21295329183872,108.1233363372136,53.074037811501945,141.11667745697363,-20.995994890248795
-10.12479056471954,170.0447720814715,138.01034129831595,194.91042682052424,71.75121399699368
-5.27432104068405,82.53902281175506,-72.69592185300624,-53.93668264180061,32.0686387160006
190.83279000016483,214.89928290262495,128.5178724492562,-94.42506310108581,44.12026644150173
87.3904558241654,-9.732977903324375,221.12929082200665,-55.845247360438925,76.67279952908974
-157.46025738571757,140.30121644434982,50.77431982324005,92.43362089657697,17.142267275667663
177.20335395408213,53.37383269520989,103.66549776731935,253.4024182645799,28.993536886073112
50.44068547508921,236.86001172884946,197.0079551141432,40.37964567690986,10.019244509007237
18.67268976002528,167.72279122377284,109.51994734550657,219.17009496431237,-15.357628055195832
159.388279412933,311.5187586384319,-119.29299135757708,-69.97961766223781,69.60117275599454
305.62961519392064,32.74100057041178,10.514688481725237,-136.17539862149602,79.30135711760305
105.53937464229168,107.56315818770504,140.76419742538167,252.29288791761965,42.49128819640903
-53.24489846375554,18.00356149157635,31.167997906571593,84.19700228661517,65.28155551332135
167.28548027232486,-6.0030981239170345,107.33373599045804,102.57383972383852,34.6397436646767
83.88144129860973,-63.63405670184354,51.897460914142634,175.72483342812026,36.15346098495831
98.49256782937368,312.458321472499,150.50493068851384,48.979028891122624,26.004282978076947
185.92835009577237,105.63113483433938,-18.35395032278405,55.529352013048715,7.093379724175406
253.95270480291782,-24.692655536896318,-107.50631066412754,-296.8394665929056,16.325338692864257
-60.2001165109051,52.58637860313599,-45.023257966910755,109.92445589753234,62.78179692391083
-26.96113597775814,176.4258870315325,-126.9563077561113,220.9727581633016,30.059173352710093
-49.157393186671264,78.56182917966655,-139.87850833516376,240.73859773400596,48.74420022213293
-12.199551315545826,-103.63256482381641,8.787960378777932,191.52138702618618,55.444320028920146
213.5480743760692,115.52685440206668,241.01134563438163,107.85204742663421,60.61170853918463
-40.99128565428314,301.97604538944455,8.222700324885508,66.12415988970315,36.92504654533198
166.72683484264113,50.432113281272834,81.49117091730862,161.06560350384032,-1.7184637249319366
312.31003252970055,43.92394433927698,184.73870930195872,113.70792597318605,53.422000161468674
138.2724863332658,54.01646970405934,24.098413819282754,87.85485452898331,95.49978709881607
144.67044684758076,5.785861414941586,63.88728905184104,276.72031342987367,56.78919507211972
-111.07601507776135,155.0397152923729,-61.01378159533112,70.77838028487372,13.665938309438019
-148.28214433160997,-100.21738401023416,106.99536567970753,192.14638277197292,53.47110763293882
160.2190716185184,4.410411482519301,3.992955531058179,34.531827465028684,47.811064487255685
12.64359239883035,-110.5241526603177,135.1958943464577,-144.8498425615512,51.05101464308841
22.73160628122394,184.76284024624312,-173.5057753776635,-163.62651108835152,25.26643878941143
111.32556974852757,51.543119139454745,178.86087201914148,-13.12819945931313,51.77812491554151
-143.36929316510492,122.32582521599312,-50.69954893973482,48.45280058463143,33.19334086735981
78.3646919410671,271.37194672152503,-92.61187861209598,184.2180534141869,78.47830863433106
117.70254858286363,181.18182411703663,339.17643701339523,-4.6241626779919685,69.25578803518492
-197.55660066452526,131.66862865590912,24.741370703026252,33.18788257034094,55.10572103399035
-0.2995134649318487,-12.402448678815595,166.55878453959704,-236.33520570573867,91.50331053880137
188.15556919700757,90.56086656080296,7.0500608693714995,69.1750373823884,42.57398816784351
44.36096969208823,86.36968999602968,57.98672936395336,64.21081819877278,70.04744186265127
157.08257431240878,19.1397443351894,37.52705401298316,37.0926125864445,52.432882407788895
116.81521611834951,-74.53164948997005,74.48373911869481,-36.57575014427649,95.28429798756207
12.502084508900488,127.09644883593896,-68.9750348491535,147.7999752472756,49.86535449982492
23.18560680159629,-247.1703305816699,43.088646150144505,192.30665085652507,68.70062448486233
458.3987722486376,-25.92279673033324,42.181476938365606,30.897079599395283,63.77476845800427
-48.513321243828536,-89.98281307090028,-126.04508831027388,-72.07806493243592,39.484533755083895
277.8456878651632,185.55781771716156,175.29037209127372,42.5743369936026,83.73549753818921
166.70197583990785,36.8390235853404,-5.950018707911731,160.44651102131746,83.96322020571654
172.54147461624845,48.688157170528314,-63.532123494142375,-210.01406529736946,46.252336045364444
135.91496232017906,-257.83574178343963,-57.887880570161975,254.42425270794718,27.88651539414682
160.2216627832137,209.06471011492064,-52.80780459133519,-64.42538332758082,65.94104160827162
-19.958722077411785,-4.291982325263547,142.16025210409808,129.5499146913703,60.27534999005199
170.40121917444526,251.5083574032431,10.83841617109983,-57.80486306375206,59.66113729430325
100.41623057810348,-128.88482862283198,1.573237844633482,-194.77270462934237,30.28280292631588
-31.83014032602498,169.73869686027962,375.67406219405706,33.530958922436156,25.818719276854786
-2.739934046489637,58.37836238934443,23.96763218774105,129.60831677753822,39.65586316096909
-242.2144795191467,-46.758319276312484,-77.29664998680204,59.155848239766314,39.898490682267244
-106.42599494918207,355.2133921426179,-5.990738583306353,35.127925174352825,53.377812731498715
76.52648196885205,-63.875155513530565,-157.36428196360328,-44.665381329515434,29.619392526581507
92.71950431102623,31.183148998752422,-79.49808655617136,130.44763263100253,7.886773894525497
152.56730783575355,552.0780088620563,-190.7401765774622,-71.39982902338105,78.53801142880016
-2.1559819106141163,105.43791020744135,29.10484575229276,5.568446951818316,76.94915356526265
106.98233510674305,84.34720644641288,214.5482804019136,22.552996784299964,71.4581135115544
11.989910519820256,-200.1276949866665,-32.42230252068948,-2.1332387296073705,51.01842531633064
-70.90696823607752,-63.2032789421281,-157.428074629032,-34.45284896596362,46.90981723210793
324.1784759424293,158.6823585105703,177.5225461771949,-69.11043145109772,66.02138816452026
-56.8380594173294,-158.008486562647,-158.09966040160654,8.081888585512957,69.94803916497153
360.4851268698448,-37.319768620184384,-112.68730941227324,58.178771214008435,29.93790204655194
41.01517599540759,-133.29287001674547,133.91513759095494,382.58134671902366,49.94631281766644
-155.06274265467255,259.02164007438216,178.55294082735267,-22.525157806114898,77.53831303329572
53.55481585112253,12.353663591660101,101.40157055796084,57.527157090160166,37.8079273891243
46.71041804624668,84.92933491901962,19.836999595137584,56.427878835372034,34.89295771031719
57.8223624193633,-82.96715874838543,200.99527150212015,189.1140581133844,-29.5951112550851
63.79123642647097,266.19362872081314,-35.810477396642234,255.02288690740343,4.714808022612587
343.616165902694,13.517420817809018,-21.4846448807233,122.43633178787354,49.784814515001834
126.86840251917701,174.92395806271068,56.08464179440413,-69.98167400167222,62.674281438925334
74.9989730129576,102.39379013308789,103.44036763896432,360.48423624326244,11.721919567069534
234.7053154211415,44.198705508073644,29.493780410744236,55.24397679132487,28.99740103215581
32.015358918566065,-13.371569278377017,286.3290336835045,-90.1555948358818,-6.629481773812685
107.92084242118797,221.2378823220495,20.930577841838605,11.300562131020556,59.656577896344956
22.671555659046568,95.33386510003152,169.58408831052537,-3.700124780783824,18.79621128725246
137.3325155645085,-21.16445201820121,-73.01124773588728,315.84452119653247,42.30897326992408
-62.20669156835812,38.91408774248264,268.10739899910925,170.07554794055076,101.48558758971669
215.66103335514268,121.43280862241161,-103.47193311931096,225.1322689912257,28.815823174772575
148.5730977017377,96.83404489467028,99.4241192570513,59.1685543373322,69.37779487776238
-153.3741590512403,175.07105485935816,-235.69168650298158,39.65205745160042,70.66541745442831
134.87557099928475,212.22742917050343,204.87924719972526,46.88606641203072,81.28566336344022
-165.70911473939768,-41.18930762312289,148.9819011949986,-69.49734080464265,42.66723077025429
110.91140919803976,215.91654973037132,-9.755797445588236,-117.82246130190666,48.52724553978963
182.7971580650033,168.9145849373557,224.55929028866163,198.15117269476022,41.11050215772524
-35.47434604064622,-172.74321247881926,80.54578427575062,31.951049097930408,45.45801418289093
3.407400438977106,182.4384478294901,180.52409681647117,27.248027285765808,36.05661725054675
-30.92224041891287,-30.93002463683539,-26.421033648260526,43.342104602747014,-1.0948503920301036
145.3656420115217,325.6586487883023,224.02139692424043,-22.396103960942064,31.96896746470649
185.4916990551888,87.48800200361589,36.66208075571974,-26.575776268332753,36.359642366316784
77.9148760569414,253.05174368770966,-196.05773858806106,211.60460938940088,55.31815371636197
189.64602856375816,142.88095742131426,-34.48090833561347,-89.52863886130072,77.73938234852832
-143.02910743095032,68.68992631207837,-373.22802631999184,-113.49783853969731,47.77589927593539
111.0011513671412,-139.39682718352404,137.94414404229462,-34.35388953354701,113.94588319879196
187.75498386336358,128.72180285125208,-69.53122214520778,164.42858268302305,106.15807613796
181.27228430496723,96.83121495735324,138.57226817202834,49.70824466921825,103.51336379953972
29.721838912896175,63.85075896136262,21.118501305187003,127.29513923993545,53.11061285052392
165.3558820705714,159.9078925771121,82.8497223173851,113.41525507672215,88.75512111994914
44.697862352798005,149.15625468451827,250.4407691436015,-115.83665419505914,38.80398755474857
38.4924458143937,248.97202863920177,-137.29699998656523,-131.32790530644223,21.783057980721352
-50.764555741171854,285.2830453062413,149.50662218923011,122.74643911629798,-7.681124167893593
57.61944721459345,60.60486062914145,58.87154846796911,282.62778503192146,56.01766286599345
158.2913770241327,106.79420835148082,-51.84510418543008,100.71390164474634,7.544846150710946
76.33940043601547,-93.46243555698135,65.26060013076554,-209.8510282088353,61.765293871280974
35.545417766321194,120.51917330017903,194.27729261936764,-63.13768309698768,71.47830372893316
-82.90119446479133,-25.643359754311824,-94.84919128407637,-247.7433213894752,38.424316629117165
161.36986707805465,319.9752046375699,77.89688926511799,253.0968963117826,72.01193469386747
106.24344095983125,-1.8361812762860978,171.2066587032361,-9.292177538020177,49.14196762526794
-83.15291974025232,158.4878742434601,-15.014384524149982,253.33725043727452,27.436120551856742
32.02135140672476,111.71535016096055,-71.98184875633146,-8.699274170822996,16.85567639291115
70.27602256887539,86.06017697896152,61.70172398073423,2.714835129300816,78.16035858868605
-43.80587312129676,-160.96613328506876,23.963453756570036,244.22474591167278,102.75218304711677
362.3050458757861,116.85966664427781,176.80875679447595,-196.34813652664175,31.12566645673651
164.64723502808852,-200.22285744494368,94.79015883652355,203.54318157712126,34.86362290539108
285.71942520310284,256.44911442282967,98.67840427733368,51.552439555196074,25.59946201122576
114.06148510289476,247.1393701981142,126.57222063448054,214.08921097710964,19.02251184784829
-103.95235185424275,22.715940907271822,97.75811068092375,-146.32724957306112,42.69244142672839
19.21331364356785,-131.0551096809488,-192.0570188219199,90.15298536473313,47.63516091269672
-42.39589997622637,-52.04246460125538,158.24437110679332,110.78426990378821,76.82437709104691
357.5572385808852,304.1314221493137,168.13175926563585,147.3723635422282,70.93396890247158
-30.570973851040044,-98.5315935731173,386.95124749289585,135.97107287418038,23.900908999203864
-222.23942894684862,48.76696757037552,-64.3974469112903,-109.65420156837817,95.52440196366388
-106.14259622841155,-48.00183092833432,-110.30020486386854,156.75624127158744,23.64288512296231
-120.53222570894403,-74.0122483535759,-51.58088610779803,80.67980947593692,90.29394772900355
79.21509633953214,-99.01399293529812,32.22540881061745,37.569630361748175,58.74035835300088
283.4061535145754,91.60005999143351,71.13481867054841,293.96984825282567,45.1566823580155
-134.94274098171607,-47.50266745017611,112.29388323586195,75.43687020770551,5.443949886312524
-255.47590325552645,77.9521548245474,-61.70352825314652,63.62915146924268,52.57577601270392
36.062452920740995,-87.60036492759247,466.0264997443081,241.51749544488766,65.82947151911738
154.80854488634412,65.47019651917414,164.94394050213484,88.75832112188525,93.61679009027395
147.0722916857912,106.20973575467869,42.263500470422215,-242.5078883004043,24.863628803016503
89.1258881895368,-38.64432738861151,-67.87225202375768,-16.12473881074829,110.0868736741509
131.02005635646037,64.72070070808643,-2.2099533708618964,154.10897010495503,80.48455134494297
-16.75819500091307,-50.648450762659714,139.51150159665082,74.88850818181679,33.051929038368215
144.05116938900883,-77.32726009193178,141.44357849454764,-35.78170132206228,63.601745724366346
-62.72108747529398,105.45842710404875,-48.7760078125476,17.873039426569306,39.114184993041874
57.16656115138787,176.28230358654926,-45.93225878294641,-65.63326504347344,40.66177967931764
-179.22283761663098,63.88734616415241,-94.5424520109371,-56.54691808715679,37.85011347455226
60.731464043652366,-12.931511794570547,57.13284682468762,-210.53701844293337,37.15151864071996
115.35020630155674,-186.05581573302743,134.70459602501177,-21.46268426951675,36.945028975383934
298.7507714826336,118.31405278427374,105.27495971994065,203.21672500813932,65.12874599156882
270.4240805222279,109.09728629241977,-29.86434409768382,164.472967809452,60.567458917309025
-49.210931041922656,125.227543651878,168.9604687871105,197.76316125551196,19.22003891270273
-94.0144496938695,204.5520974057953,85.81278038966894,44.88112831852491,49.51146799529376
138.10661009301774,63.42008255987622,-56.94371465113874,97.84975206246551,62.00571212311786
-184.72594171458277,78.43943367349152,53.430292716961056,-101.21719017822278,73.36096722028162
-85.96769329251896,45.018217474893405,155.655392067882,15.402840144349142,21.121093662222762
0.6976592904594909,71.4015019426994,15.712772159727983,10.929304186114926,102.50370160607605
43.8219806374417,23.694016196182336,28.446492556508264,-120.90001924080494,49.8053350669683
-162.25045401178727,174.27058291676113,222.94096598468977,144.09039939567543,92.36157155657872
14.125219076896663,91.58578117716596,-85.6157158423731,288.5013173014628,79.27478440107457
88.71218519317452,358.89387993845634,196.77201017992937,50.01260867620135,41.91395901728021
-168.5439704845786,192.11346609303467,-54.9916375165133,418.296068783571,44.45008154582095
-10.848345070615629,-165.29508846476554,-46.715652953175486,11.61177605844724,24.929953724019878
144.87558734302382,82.51369035415603,98.1362521183585,-275.78747034648063,60.15486459003874
-115.64438521034023,123.36550950839552,122.77797524424051,10.653371686184968,25.52953763894039
7.484336436229107,31.46942718474247,109.625635084153,29.134846565011824,72.67993775194154
-6.7962725646072215,-172.0457031453511,-164.15767003587587,143.9664235702472,29.913843557762682
159.98169758354123,82.32739762948049,-60.17246610037375,70.99047982804336,42.88625348677822
87.44994128143162,31.61295299665733,209.2413350272082,338.712870317885,114.50679706456154
109.11780321428422,183.65761679870715,-102.78473125768181,23.03946733402059,67.02479094984875
261.859377885872,99.78757539433174,-109.11417371030586,19.83538483872554,33.70851954264551
-115.23526810046445,102.03396572618256,64.53879648962095,74.89025860963486,11.361816846506827
-45.3459761203349,-100.4469719522996,143.10156070722704,-46.23614983690455,68.0665332664951
-53.94059224993929,43.51420844764705,124.85800920766741,208.3569199109474,75.36759656050118
33.2724205492019,125.12284293453075,-11.988715795925465,60.44357022542907,0.7447835465769899
-107.58835854148876,63.49658297218226,118.72285057660989,-20.540425176690654,104.909699829333
-57.34541749791041,-215.20182061737287,-7.737495126364003,149.2932330522082,60.50005937852618
217.39216750845662,-31.265069637740346,167.1189163938239,-21.409145639822803,105.07283071130408
-169.87061642404498,163.79874751631448,35.49848951514481,-88.24437997744056,36.77696817256599
170.72277374519427,95.64662332447915,85.35752463011747,-50.93038467554147,61.3225833617862
-40.72544990559975,253.42523700849142,87.45920290255293,-9.621181458310112,71.58726528287477
-68.3717481615403,88.6067143120141,220.7052015885429,141.72002234980965,61.682895577415024
169.97393807270038,127.31145924843594,185.57449940510827,100.32217548265834,37.83038974413809
-108.39552598364548,43.03641891289317,178.92377440555035,227.93000647039418,38.877226859430756
23.733398747998027,-138.23435794847535,-122.77667587793036,6.957927938160928,17.305537442119586
108.67550150075289,-7.22081583908512,181.52091903827252,3.88387040081588,75.68969039666123
-54.91405468609549,-72.60194164026916,167.9810411884078,-99.94084715109076,22.144341896040277
-146.45551287235438,32.14788771326617,189.01254915466146,117.73196537533639,89.99309467406954
-155.63099598015262,138.52013123658065,161.24327381282234,93.66077045407903,27.578137539564047
2.242531468061607,52.643781253861064,239.24213472328626,-133.21521037920965,53.56297087560735
236.66834745405922,-53.59413521741818,98.10159762347011,198.737653808067,19.12738394394232
-73.93652178120396,106.67908350613652,110.37950000446216,42.644218662477805,24.760034468353012
87.14401392968381,217.1917909118213,20.249305675295986,-30.3126570215913,34.51634145107717
41.45245122156035,-43.16969304658247,237.59008039580627,-48.479582590824485,137.85548048914882
66.96742529784156,27.575721989042236,95.96016060035723,-103.26665307370595,34.36963607107724
-148.3566384240441,79.0927844098094,219.21707956956612,44.45600530761533,67.94250208677464
8.94005704976103,-82.6993421810077,-34.35185437567217,204.04973565381536,99.9022994857427
-100.14932345749884,27.11932988961277,-87.86617699817177,-198.18132567191333,26.268467189032645
165.8801267682071,193.15396905539384,349.87570541726654,233.57592018761466,84.97608377488706
121.04912108452086,313.65221639777667,183.89056023597425,-89.06715138634979,62.704550480239696
325.7231516041422,-101.71225516317955,110.12216707960815,-47.43246772060834,21.735991950585877
-81.54422095133694,168.56982476699767,146.38180159565457,26.995880210729773,8.695299445034628
111.97990931379476,130.58229839744075,-73.27894991217329,162.87762366131855,44.77177585567917
77.53256362789902,-146.2052538737726,105.47469444687346,15.908858306471956,50.76258960949679
-2.2894189101739215,-61.499343224948554,234.20651509093358,-120.29911342557813,52.76346763400012
-193.21400987604758,-189.2566263365113,-6.213670483832196,207.64418519178813,41.177207643009474
-203.9427091860015,-203.50810988892798,100.2160220583041,-12.219548878002833,58.21453986347005
-30.86414970916214,70.2617111870256,150.168866848249,190.70753312515686,36.00444435578226
-137.0913465322834,50.918271545172615,-68.39330124048726,102.72295693402017,54.12075581963864
106.36124987596824,55.999531717555655,148.55371313686524,201.37577729183198,23.635139723122208
-96.05035915831746,100.90337337212203,-18.49358027092334,-53.98889228838885,-32.7140423668602
116.4206841422193,-149.69782489022157,-174.61002126869317,89.41312162617936,13.342986514860286
137.24845637631324,45.115747390002255,99.40673926953261,-59.88342309166766,50.15704540435153
93.68947994543845,89.27289090248749,-134.44002272697819,-180.29306502512048,5.315449494034958
158.58013735753053,7.842647404087749,166.46644439211877,129.4667002836559,-20.377052422652028
138.62308697973145,-151.85068678292924,176.00019135814804,-28.90464573418995,1.6951230091710414
-18.089405036644244,152.7697146500223,3.4347193382087866,-291.22551398344825,39.917024268420384
60.12714485813776,116.68681835837029,-34.865785009708496,67.76640162187378,84.57967487578043
-21.822645324037474,-126.58015334847528,83.54192470506543,217.43397703314523,30.87715009553627
117.28059891349338,290.89742391695665,126.7098427210318,-30.056699033468554,64.39619415909034
-25.988910086255324,65.29643052884623,190.06948029369963,-156.57131621177612,30.23696416875483
59.124002010159245,48.0100497486259,131.2901321081875,16.499125044411272,71.19388523028485
55.221740012413626,31.900148793260037,2.091344486686232,-43.944944420340754,52.444625741310055
203.3653126629943,211.1360148377923,-46.894465218543765,65.91553417306596,73.89278589827958
5.110539695275442,-28.782198072300098,82.41469786350939,-76.78870601877466,18.77286223965354
57.412214539709005,-27.16870002349875,-6.856403459939486,-71.27753425111447,28.37571220890763
28.80637814314974,129.36623378725594,139.88136831156154,365.5018290499152,46.24333266724447
48.27726522266534,-69.8113393719153,32.21452905193857,102.71228667216319,65.5505721919827
104.34400585199967,-98.38246636596247,-164.84451194510982,38.68483003829096,64.53830730449542
332.56547466541315,200.92289801825288,45.60783455962146,210.10181873461505,0.41063368137307066
122.97272238180636,6.990116507207212,-167.39963975637315,36.73169509747521,21.407659712297846
-114.00118790973863,290.63599151197155,-184.96804766043914,6.499260487998853,77.40504954887933
94.21626306862785,95.96917451411869,125.80153510269406,-23.73441907553923,42.01671640250227
-53.94951772630089,-167.66672038803924,153.14664950297546,51.82413426252376,41.63302878666911
234.93268017773732,-103.99172491428337,-96.9726396573015,97.15139188037614,44.33139258668051
74.91464870269154,-24.788589690326695,-108.73274935129561,150.74414912452067,70.85384758028732
17.84352399951888,179.23770283986795,-84.45139552009039,-36.15895658732715,50.4894177491989
188.39740609258706,227.4137375095345,-96.75219152866981,128.70010737489832,102.73044143918932
78.9409612445035,-69.51974066894289,-89.44106542574397,99.46532199706152,19.189345277578614
-54.87566897597666,240.89732309328176,359.3878186470304,-62.87879322458411,91.79966410076334
299.99919762314164,-63.86729523187929,149.93097865656355,97.23836350167517,86.26282070339758
74.21694314753515,-53.35567836546442,154.40919218902235,360.17685465258927,62.51632391247034
-102.76715565023102,-78.35482182548583,76.67112297132934,173.30270747715556,38.55069577635966
315.53197183806975,206.8313105860801,-27.954464628072806,-174.60389320849427,69.06944526540661
100.73694992887555,111.71421194440212,84.57864880102503,121.92478637021264,39.2841426295882
-120.34770461176834,82.57511110757054,-23.92059270740868,-71.11185727133355,70.02524132012013
62.091604751933986,-152.6934502681311,92.51627489545896,152.89776419067383,45.43506246438206
19.247374786948505,184.45955411784465,96.18147247386575,102.96886270809175,39.78014292698884
9.086575033262008,232.28023767410758,218.51462003984713,178.21746050888677,-20.444940617581707
135.46505881114567,148.44090332567592,-99.0222898306449,-104.43670385830075,55.37154813460173
20.752629640551575,205.13385391796334,122.91792364274451,226.82708667092172,7.796569874728107
4.975030698124051,7.908946996264348,233.09051884282866,-145.68071551256722,70.31649942217801
100.44969382596881,41.980579675122776,-36.68768807831709,163.45565305895553,64.93838594612097
-407.1333248969794,15.19020621761208,109.68010336996687,-5.595451453052654,-3.26354453536311
-99.70346696866036,0.44551953473806805,235.83136404364154,-63.59241937243625,89.48372602269944
85.67152432429424,249.706529164822,100.46978003055187,-170.06648673859752,28.94079790343152
-90.67831309636631,147.7430941570103,11.757003970902552,280.3456093848507,26.49097121995446
-40.70384988545728,70.99507715757878,152.20268882990743,263.4373459342676,54.5897292783775
-61.093217182048654,-16.645778599562043,-23.577230645001244,76.57949591320238,37.84570676870085
-13.719227818548624,52.86191944260224,-54.36445243526418,107.76368379692369,112.40740644283451
75.07592286262236,94.20968459321584,-13.064625252006685,85.89313656444594,62.75723946113305
74.3681686697353,51.33880452591558,331.6441330600352,51.65123256011511,33.88538602461949
-4.984697088620607,250.08896566522557,-205.26921958990752,38.35021026531241,51.28589266567005
245.73202970977633,57.129229345378846,186.67086820142737,221.06354694594862,108.37709063405632
321.7764590861576,57.51618329531874,147.93704563309888,-180.00112897328373,100.8536140750873
70.32779234958116,99.61003970911281,33.74415190331938,110.27770322975033,-17.685341473647725
173.75198066151754,58.28459212713815,63.195610471346434,-69.25910268392914,38.05001487402893
92.82964743090658,-6.695714442292044,131.25321297426865,-49.30915515257022,115.16350002061687
133.00425914798564,225.31585220206887,-110.24092471362201,70.55003667274632,40.938666350304366
243.77130374972728,68.90683935825936,38.54904957881992,21.690336056613695,47.460390086080686
35.290355082822785,358.27362264075185,-74.57499889395697,-52.783034280580345,55.61006518701555
88.15518366371693,-12.540123408954223,-50.830743152621515,253.9163123444461,8.95942422269993
277.48915778110563,125.4750615455294,238.68783296515764,9.008707996743986,57.709311507298885
143.1523271375284,-99.78575624557831,195.5139746845202,110.1602321086913,17.33050472456656
-115.669465492239,-61.56841346628311,182.1761321957112,122.05365059726356,43.38159377297134
293.3370959495987,40.06060692989725,67.64012753786673,-150.23604812167582,19.378953074165977
253.97257297138717,65.60530047387887,42.99866972223325,-49.59145733932586,81.17102168690661
135.58667881668805,159.06428114885787,331.0942137915138,94.7879964471442,103.36510571074412
40.99332807287503,95.69820534946808,113.81741548024529,142.82240881115305,109.73899492575202
-90.31233839130539,-41.46553641945558,178.75312241754608,51.760658245303986,80.67846965188889
-42.4709564495305,71.24529937369108,-57.81076201993624,108.93478650176048,49.906473289969384
131.20707173098793,198.6131842183449,-71.80073321147515,-116.00289003576125,67.6791286553372
-26.132864107175543,160.70250308723482,-143.2602955917241,-105.83736259586647,50.27326782941303
198.91148174209007,94.30037501041826,-107.11001244314747,31.66113236331614,75.68602100385165
49.539984886120806,45.257344528547314,-193.6606339869554,82.78898310909567,34.134978132969806
160.47522830506506,99.17160363045498,-101.79705710723209,119.51831814365212,3.484303574044212
126.45643793725591,-41.993472135453594,-88.42121525413026,47.67866901852606,49.39939760483329
138.3868369374222,198.01302205449238,103.0985724034746,68.56685480557911,40.51160363521549
92.05573372864254,465.21626649456067,-63.43435604458974,23.95346134499195,45.72099696157102
198.19225324689265,177.67485593700948,188.72315379089505,195.18579508822907,61.59326146070909
133.51045912658387,172.28985830381356,57.3155668679527,57.72577390654961,56.167877726576926
118.99700643278052,-143.54904031280063,-87.44634986601477,-236.62347575105778,42.51491758576545
91.059107040903,135.71557782141053,165.27888769309857,82.20856203545554,44.4218635428264
118.80140724116544,-250.16189793243254,185.42704056585396,230.4793866533696,95.75207890524425
-92.40287923191991,107.80821550851914,111.94761078547332,159.25036275083446,39.516202238120215
-38.444208716126134,164.70945029327692,62.57380285966835,275.47888427113077,56.944861265825566
84.22293976893788,135.5476084459281,-55.90121275108081,-11.148489800899107,73.8088732724798
53.07522583966718,-6.401706045293793,96.69230482849235,113.91250395825722,66.5834479505018
252.07654567631727,221.11893224418102,107.08183769593701,-66.66929268610471,68.66428599909733
-67.79967367452323,92.60904819301047,-85.27184989903273,-115.21736585797879,20.15701869150385
-15.935912459301157,-122.4153062243686,161.3358566408455,254.18297776978318,38.8471753410703
-110.52005366694516,204.45467503966216,-33.91193457697698,-71.94106969298346,-2.286590070236393
160.21187206565494,192.5753985080919,65.78464216064968,31.858649824827623,35.67831469530182
-42.794428750595294,197.6878514978455,284.3996863816246,80.43029884328098,49.70935471461364
-143.48663537334323,90.90228539058486,2.7675566946749584,202.8130179213984,28.156325210397444
-24.030900486933284,108.55217537285806,80.26809578408728,136.7931561163323,-8.977206523212978
207.73900952250787,5.006862003574071,77.97720001811042,181.94809657044033,3.074077778354983
-79.4092326326535,117.60606891385447,-5.674863171376195,265.18465329726035,38.79919857831592
-21.329402386284677,180.46706959307113,-33.3284588198972,16.427042482410556,100.82521121331129
88.3463147450357,-98.04975482896606,134.79868170795814,89.72628863945215,25.961315793627602
86.27183263913075,326.0737026804569,58.88567495760535,178.9308031801027,51.97628487527354
7.797161263054363,-127.69420609851022,127.56078670422076,-64.8061445734343,75.10228422215229
44.47952577857643,63.855319406656776,76.18804849870487,68.07415263189566,31.44331022494226
-111.06580926106398,233.06780355264013,108.13518875831124,-1.5011537624261067,86.34216819513225
142.08118243914066,-111.63712329194371,84.49243673708636,-190.2580801173213,38.897517382626646
-31.66060251917586,46.16188455359242,13.74076642531972,39.442163136493825,49.73135615805224
-45.08782837775785,152.63543483627157,-263.10673536990197,-46.339045039769736,2.1438380104372357
5.933290116694415,293.50762367458793,128.1982995841718,15.255988458299825,42.04707784667167
-49.924551108446614,113.4634573942585,105.19494544999375,-100.34121120339861,39.065709277802554
101.81690772362663,28.45630340554617,-103.46514350097561,136.08393044801926,3.2337195955705056
-51.390401916463894,133.13874556609636,44.07891667917419,9.228787559273357,5.380296062844955
83.06274753366608,-10.155120282286411,158.41292097593788,130.7277108731551,75.66290724558769
41.75374483641828,260.1168931577098,3.0373709266015325,-189.04978526936077,67.16169667839462
-163.5849468328171,1.4368842827822945,107.17266299142715,-135.51588134338573,88.55363447763997
164.80563285118234,151.12120865342882,193.51897041352322,24.056801873404368,21.429270017133078
102.96134095992245,-48.93181359595986,283.11592004149765,-51.4030389134625,32.15149517346656
10.93101510255147,26.269748777252307,-52.56184596210901,23.033834664178155,46.070980719693154
22.69582617307774,15.844598022665352,155.72349134121097,215.09995320087202,68.88531899817167
-189.77183290054415,-24.148084504000074,30.483353931352127,-25.774911811384065,58.21263852150367
-219.84896138448872,215.5805752892426,-213.0548949320565,31.423115509425422,-25.00280803459235
14.90622043889688,-35.448024683603286,-89.49519664528546,-9.753565534976907,27.18631003801852
-164.5237345051103,16.052302881096203,232.0012646574423,26.6269819179524,33.32164314691891
61.195159936344844,-22.88285863778915,115.955979661991,-185.33262318430423,4.336377318681656
85.125667920183,-48.07962219810191,-77.34331811547275,37.710067956630546,27.08891517220738
256.6278079627184,97.51727979530651,147.42968162325857,101.32571749899944,72.21659442463086
160.77608696609363,-262.4246535260726,65.90244925550057,-15.90178746501848,79.83144058444357
185.61691437266055,64.63742836620237,22.060498600422214,-125.70792063501855,23.6174847571825
-136.93070479035268,-22.71560856902554,313.3087503776096,307.08394029891554,48.5256811073462
215.17245818070776,71.72360533462955,150.91050729888394,135.29327171132343,59.537893045606
75.94928462497889,64.21176700389326,20.772126386283887,-75.89736994930558,22.427305052656905
-94.22286445290851,113.11468267187858,332.50199561168085,26.30831234102134,88.7388401825705
-30.000387634458654,225.01176014421728,167.5474926669276,-82.54665642827462,55.02938607948301
48.0780178143344,105.17662982649145,19.846084652828708,194.04674661780587,67.79251839408978
148.4044952135663,148.82925911812598,42.63652069482016,87.96488657991236,80.09557045763562
45.13590113052112,49.86546985728655,318.271169734375,-245.21421479118712,72.28100774400208
280.9850162094022,78.78783001830645,39.087691958881706,33.2163085807254,65.12146114559759
16.76581684399399,182.15453447287823,-106.68918186189916,-76.1723835904815,66.15504004250873
22.37568331796963,-164.93719082154948,-122.02126044348978,206.88114858159386,40.35538212559722
68.30441695973846,88.0018286660848,369.51437447783434,70.91655708933496,99.74125222099248
93.48088366217362,129.82103041835325,117.37015205961103,38.86943499280338,60.51036524229287
-51.6772065071547,198.49900805416712,3.952865621103811,-49.02822426474386,39.536091249108686
-2.007405742061273,1.0024516478683196,-25.114340713492886,-47.789579307057515,-44.710014780085174
161.2471393387835,134.51321055207282,199.76855906118186,220.1344337262668,53.95115844833712
109.98736008013076,-9.634674679890757,247.82512220170324,-5.838896155516537,12.601392659924791
219.68949913476624,184.7340944860786,-37.904272447143704,163.21806311647694,83.75843069061449
62.54063603764629,68.82742042710817,-143.29894322644063,-13.073825513365243,58.0211421502856
8.821007680967192,4.003093118378402,-90.44348861760827,-115.8350127076057,9.096108173667403
98.28845302187801,98.00470836547265,-215.08594895149056,-29.870709983544295,-2.965725412188746
-113.63951541540507,-174.76816130237958,172.00773071389708,210.18463271442226,1.9250624978332525
124.2571632272851,18.124945651024127,33.42803936420025,204.66264899208323,68.68676187668063
56.31091023121043,-19.62728816198375,-208.98618012992435,254.67347855201953,19.224015271999004
-46.26868876458193,330.05262241338824,22.165226343489536,-125.45088476738576,64.59260954139577
124.17938350155941,69.64571408714619,144.05950715187112,222.6922063987142,84.72701897569152
73.19068790763644,56.35608642223118,82.60913275965632,313.0205781825231,38.84858612376639
291.38235040116484,30.712597321492982,-97.09144423215557,-54.76788880062576,35.68852764876087
55.44682091829068,39.42480674361881,134.6780370933482,107.5414495460544,39.00692480657544
152.85752691655134,273.57324920376925,-47.37601437568751,-132.58365380128143,71.8896344320702
-134.45902247605693,186.9689677537794,150.51888437200577,69.35633855166748,71.97101387429045
-181.63473683493197,87.93901929959134,23.866150481983297,379.8227383896709,79.54081718297401
174.73444899667953,264.88826534146926,42.088627431250224,-96.91948127957616,40.63720572066821
175.91265593719623,207.3449182145342,51.153782589021006,168.60524850582914,57.718997056068844
-6.733313294617481,104.49305554051521,107.8789048418023,53.25843553190414,29.984224512571373
165.1694418249469,-54.014257135335335,-68.85384641629113,-218.1498771561722,43.100766219858514
166.49632130080334,92.67729699209141,-18.106365157914034,-135.98232382213868,36.088928481882974
12.756182493875833,-63.090821156790135,168.93706235466368,5.168876461133721,37.18042333071266
-236.79646666366293,258.3088899973392,45.76180748728757,-6.463662165297734,46.9171571190765
-56.65160702687725,2.962306465770318,66.18722290710771,87.7618076461383,10.69124404347307
53.879169707095485,107.86196341858007,52.728614181785105,-108.75705760827813,47.59346234927915
146.7323175558833,-190.54497722718503,-26.41929529933575,57.89192971815843,86.62324818421817
-24.481011300405292,76.74390407776208,-10.943705391055225,99.09913497132152,42.568542810427545
128.35137211461924,384.97831963022423,-46.84040521849459,30.051575304158565,17.99601607870619
-57.68280348660212,4.298298352433413,339.67554258437684,142.83451887019854,28.34076279688958
29.532961755619233,109.77234960909752,51.52994499475061,212.8460620547142,76.85104436174666
275.7158639255247,88.04698135187499,-295.588018033031,92.02404462863113,49.36540808617121
5.744341798245458,-29.367681188754084,4.556871605349123,167.10747202924313,109.71179091045983
92.55582949986724,305.054278068121,100.76998137293003,105.47206223634252,54.49287017044124
-137.612503946245,-83.47828090951617,-43.11096639821066,-114.92593306077976,81.0269433226594
-39.19899618028709,172.1251130371236,-203.04748669884233,262.7022330865958,27.177236854600558
262.0211090485228,361.3682893278324,309.6419388786325,-60.760727654684864,0.8958795106897526
229.25629795385888,226.8299000040141,-3.684077894871521,-39.4194566234254,26.166707733093613
-66.60514364667313,62.78799964323219,116.19662990620458,-122.24568072621312,40.32272135225264
-3.7486606202851718,189.63756419532484,106.83886678043022,-39.12683593626135,80.37320707519586
84.8514745992925,6.5194351486205235,-151.9570120522128,-62.2507589521966,61.840000963870644
-224.7663557587617,165.51536808762876,72.02259114149501,3.365725617317942,37.46277939754043
-44.74098291289747,189.46659003064173,-69.10338196415285,279.36587216181505,40.71397006488215
-79.2846705692238,4.74446684406265,4.068023996237628,-146.50848968653466,66.87101255938934
464.14821339090133,-84.9546371606825,-172.02299151687617,174.99302221037146,50.54236371797582
23.973069256527303,165.7718237625917,10.629642713289762,231.70661835853826,29.77549639373193
154.93483467317728,-15.340846916571074,-3.295352976645283,81.98504692091845,54.094343326988934
-86.18545645956738,31.278637234253267,-154.75292522210088,294.461309361773,35.950692915191425
42.02770536072494,212.86968876580897,-64.48579562778912,129.37556403521094,24.724436998566272
-420.44982373289065,195.52910182005655,-177.51468555169575,114.67717964057778,105.35739823282404
145.72571803790618,78.48405466715548,-127.78737605777164,93.47357162488845,49.35890132350358
-173.72167646181714,-74.15565034326292,301.44430106344436,233.5355208041905,15.96128086332942
135.27989991541205,101.45913609592662,-57.1115296932393,-45.39994455165317,120.00744205054403
381.80157360933265,401.70163331743095,171.46465915000016,106.32997395726423,93.30291661029227
146.66201397428327,-75.04167229380218,227.7646568756374,96.04528032344524,48.41876729453653
24.009520607211126,-98.32908429420405,138.43407244998366,-40.81376377824592,83.99369023001896
-3.3811824412632063,-180.23442121882655,158.72618239516981,112.43406793740883,65.14376443078736
224.83594317314044,316.4879555007401,125.4797348878173,247.28698049814778,49.13177180392991
-258.7724316252739,102.56017856089207,84.22582089175489,74.22750172841847,-20.3519227189077
-84.44199310105881,-40.12400266179818,150.60021715775412,125.51485536080071,47.33739343561821
-21.85909268168053,176.17754446504446,47.673342987663695,15.415052567142155,50.23732266731594
-63.22874520275841,113.61320134494554,15.961308705415064,252.82751681254757,62.97144140759806
229.23988526493167,30.65219104044461,283.7895709799221,-39.41763756368737,74.11745535439738
157.8625388031395,-10.700570071961785,-59.66181220856476,131.6465159551176,36.35076419921346
151.03906180433466,150.049254859987,20.500029671643617,-57.73427638327498,71.88133197582977
-194.125454241631,-17.296465794975965,-193.6706046276117,-195.87850275115787,97.8343431489529
-6.74178383949161,-79.45365512115316,233.69761066759511,-258.42434949145405,77.65581863849573
125.0741644317431,76.82013959034586,40.0849637765399,66.25505162212919,-18.96858762269416
-47.45895611505208,157.00311309266013,76.9254743621259,-12.95417856074237,43.470385978564146
-183.7724526911408,-109.20841510575573,130.39104267400904,286.46871670064223,55.50928159508496
206.48889852890662,-180.63946213115392,140.2135238196289,266.1895644320285,15.791412207768552
122.57673694048094,319.8674941723756,30.73301070263177,214.4409775034617,45.7359762101068
-68.54126398151976,83.78077790045933,206.02643707609087,599.4786465787324,58.96590355649688
166.11492106605846,10.817427471875703,245.30981541770223,98.945915335673,104.87699004687556
282.3550137560778,108.11424984014994,114.24560669442855,-12.921593461068973,11.24495341895689
83.41545309481118,74.40166080723915,181.93055105140039,-130.39302799988906,43.24166735661679
-176.8840098584779,-132.66237779585083,190.26665905478907,249.33824062286493,43.31835502259971
-88.95902687309766,-11.18404942653357,-103.95837803935231,-125.32940361899429,34.72968500533377
299.4746596125033,152.84047737052728,30.509083683390166,192.2317339757401,11.14333766450816
84.25904439600643,196.75930910800005,-125.13472720508113,34.54899392111939,52.11737625167743
92.71531465510276,260.855059345929,-74.03128849342764,49.566465366887215,80.93046350048236
111.99799465912469,102.2045487357407,209.26559922124505,11.444424809218333,63.705894103982786
-154.00471051669405,-160.52189052437944,124.63576055058863,169.61678230494942,37.47322140714477
-101.25196214367756,-92.02484669026168,-39.604019547746894,5.993087660685951,64.16657663294562
181.4901509015184,312.8784159584273,-49.368534897710994,79.68693354974798,12.12500740063797
126.11107942643773,113.41790042602274,42.29502623169888,-46.83113846666523,118.76130922517574
94.95577453365189,-133.62503636441028,113.52842497144275,81.3861970277401,89.0199689714211
-19.375262507679714,-27.285704385304207,-95.24740659709343,6.4213130910997265,61.45872209264684
201.8868274455543,108.27263267225113,80.58719737559595,71.40511554585112,21.029097239329083
26.56536459908054,-23.599761595302958,92.80786064904748,69.66928872056104,-15.611097991126996
166.87403553572503,268.2547226418402,37.10001362750279,107.73488240379541,74.99710170080473
-252.58587635738482,-40.88592946391787,-114.73052657912396,-18.09335151250972,19.879617408737616
35.21757473428835,58.8759891309739,93.20887467785597,226.8960399416863,63.42946853945875
-109.97460673286955,83.92099042754026,200.5986271887313,127.73105156680484,63.94062341045657
-134.14479903428602,-9.931622445712499,192.5274166500495,62.97178333244543,117.06165789750851
-25.677973568600102,228.7968501899298,333.4306417768806,65.5220796469559,48.716578457718946
163.1351765489627,185.22027950301649,169.58189740512435,-72.19808407507998,47.19316247900543
39.37899913681663,-264.22103418310917,134.44018680609736,207.69811797879237,57.26086116680952
306.1939969201683,42.925700797905655,65.97431479771086,-120.76846591212478,40.85158371768944
176.92649849053373,-152.58643857823543,275.08723509506535,22.895308975193245,71.73339072733779
107.05143645366825,129.50589166062218,214.95185841689428,30.707299020494315,31.124565943335682
145.92041427193533,36.89147441118136,-3.5665662620821053,4.126090580142417,104.19577041964816
-84.01047497953934,184.41524020508908,79.95066412041965,107.40556634660814,57.101559983932155
184.57599137359773,126.02020183032107,-13.609001567011354,63.59698124756703,101.78744280172764
53.227699095785354,-173.20942996697178,153.19682235669393,45.50434863009934,35.01550931146302
-131.23812951951558,-37.09765647938011,-133.57256690803877,130.91586349288727,38.18723049122899
-23.941658355839316,103.92074990513824,103.6779789391007,292.970037198286,59.40691367404186
162.6025514366654,1.7305144461086641,46.104806367031216,154.7310432213406,16.33115197623318
117.30634965623315,6.6825400029579995,-11.511302906161824,134.48230138771515,146.05470951348957
113.23498746869217,-224.52727599466007,11.359568894085868,-71.34220685482006,-15.436484544045072
39.944766777555486,45.58464813355747,238.97392077903788,66.74672341444759,76.00247033065267
118.73424234063985,74.31298259498506,170.83841846889715,-21.477679004766067,65.39149176105175
67.91791025832485,111.82967939531315,200.33314253079743,230.29196229214946,54.964203566325125
39.59082936498237,-17.333831665761075,3.6882099562746973,-106.33411231214728,71.11452373974979
38.49039738673225,-5.64705510738068,-39.43972729006804,79.77456537956849,49.81694289259875
189.29028403398593,-29.651409089308196,267.28659236842816,265.3992180339463,43.79586714221571
-60.36699285367441,-10.574778826975681,82.0203765173377,128.45530980797304,71.0165125886418
-51.27163455908971,-162.50506889490322,-243.71705408840475,-80.9543392423968,59.07040727083501
-13.68640880164343,272.9798087378561,376.5242421661332,11.85868138524011,68.73178991363001
373.75191251172265,-177.2695449557262,96.35491810431341,80.27380144149265,14.984828533108058
133.22659719144946,-23.06116547127487,151.78199163627286,-225.44350391651025,58.84481231839635
14.649893916008615,136.15956601126908,243.4395267120232,276.6315568447604,44.40539690170171
-38.53022533646604,219.86189393465548,-12.780217949417768,-80.53828228268773,27.82210104145438
269.2316511704951,-52.533673590854896,140.36568239747916,-4.846657236408227,35.37770828121346
104.62045233973564,216.7557897989767,145.63994965862733,-135.7516924329026,47.838900995531134
301.2134297660157,78.40695341825399,203.49286579323137,-118.6294231172954,35.71046212038676
274.79071170266474,-14.519043803617187,86.51133448980057,26.15037024936271,38.26258999209544
238.85266926346216,-224.74929726260015,325.8176941891165,40.0790453451123,38.275622886447884
-17.08506872850149,94.39981417871226,57.24970876474464,93.39644665392049,116.26333519544261
32.2462040571639,-53.16064426206601,-49.71007426677199,134.14135100886563,25.462007795882467
-316.84671980574103,104.7017998176875,196.55379331813182,53.78810944628432,96.2756217602745
-47.741791792668586,181.7327828162076,127.8833788759766,172.36723534850242,50.67488969938586
-166.39280510195277,43.41004767773866,-116.36308113694108,18.244774403572983,57.69638560677664
133.60906504541396,26.15835546149283,48.24355912870331,-27.050788585277765,0.2931576427168565
91.26800698056218,-22.78216685378907,-166.8702105913585,24.846072093743885,50.92602221192011
98.48612113921436,-128.34586559766885,-177.7169249512978,-203.42854363224123,98.18766825668196
72.98084936474613,-195.2796049359298,155.71681349106578,359.0869662579524,20.674864147149655
104.61290560699872,-188.74938727694123,-53.64483093697556,141.8000446043241,70.82932494287545
98.54338142282025,-69.3835772693752,-85.77196828985328,289.74461560035166,41.67254102712391
153.6302465314643,116.5241202956816,128.7221319220539,123.63482494369435,43.66901580866573
-136.42765205945352,305.4228264072088,274.9150677812074,157.43619857791734,63.59032584170981
13.04501862149673,87.50147296936979,65.84600316754059,-29.16081670915714,97.11745773370882
-105.39542021742525,85.45311144095459,335.2498137624295,228.93326057183617,58.5332383403057
166.84600816372904,64.99615137423606,58.50293498892096,127.75022828770037,65.99982296399875
14.264238833694684,188.37498186848853,45.89383854764336,173.07620788697554,37.89088785050658
-142.20534541196847,29.009914622125912,-13.41729921589512,-54.48304549235545,39.45458725554492
-12.769620568754853,46.919334257860655,-49.075107080501404,236.86660349039968,51.849780449553464
226.7418931756875,-86.6644994722626,99.20981662203266,64.15205983796753,52.89595491060077
36.63033821689736,-39.37471879515359,120.77740982279656,195.61034130608402,86.15245958398427
159.63756725488417,56.980722806697045,126.3240401614336,42.91497353791967,62.791699243197954
40.607875113240816,276.40259160077704,-135.4443249491857,-31.339223622379173,45.81952037111058
48.016669358176514,170.99517014442634,-115.03074796842085,72.12284586490591,41.6244773111797
124.23053302743844,131.46454073196003,57.23468631608329,-5.463589041761303,108.44569513255297
-126.02672408933185,32.54725224044986,20.82403222096694,-67.35629375691403,76.4640044885169
-22.190008344035043,-29.59681444255407,59.011207185227384,320.8311033145806,84.07085021786745
189.8535160577618,-42.52790488891993,-325.19778981920086,-42.45243043693356,89.9599686372375
1.9604037087837654,-42.85873413351556,160.9893333211635,-112.5147683282539,70.20390677554637
231.576448700632,-51.56807627122415,30.488078702575663,-39.12431874305101,52.977301494800315
266.22151140426627,71.50440363629927,188.09033121488375,28.166585116998608,29.280019137389473
56.65304801924858,-315.8925178036291,-238.1673237930951,-241.1928056173504,72.24796101294972
202.59333828417007,-103.5789940436402,-28.87686383282587,212.41503120502355,71.97699268382269
132.69062524637226,164.2600549802863,84.75607628365739,-58.530631876999884,68.93635498603467
22.60644057710688,295.3268517031269,61.254440564955146,-13.06096434478551,30.004882343159093
53.83705884820733,216.61993302679613,180.19593833120948,183.07790190030275,45.45500326045837
-8.057912814704565,153.0921348500734,30.283173835053095,-16.254917236602687,74.0862428113277
305.40174888681645,130.17375994135708,-63.73712561773139,107.09585764206751,62.58704873987844
-105.16765010131661,272.1008936105919,-144.5504053100631,-270.2413498184735,60.74269385017604
-1.9856011484085556,-93.64367990868627,213.12521561367032,21.034729252344952,64.10478520461362
108.97258047326326,63.701863998007795,-95.86785532893796,-41.86192429679783,46.58061375470543
48.79028652060909,-28.03597171456787,291.52693631026574,-86.81884038051427,11.31209910926021
183.90412301180336,142.61184133320663,-9.257158686698638,-40.96587862923446,32.57983636169959
319.6763734097889,-21.3112471865281,57.08505644380213,12.120600325388125,27.53212068976774
101.0757532377821,24.358403180359964,-30.38940670814808,347.6235193345621,26.444955873983222
-117.17324602857352,40.172654901503854,137.73319010034984,338.79303956568714,36.00514994733183
-62.530295358939505,-51.96757468388933,145.75350274564656,62.64117432034641,69.33468383320313
107.97000955910664,-55.054970431470885,53.149801006784294,-165.43187358760397,83.1876649522655
101.86103768067777,262.4261018276993,119.77809454463585,-27.91836731472359,89.39796620929204
149.67715997923796,0.40968983379393364,204.83940798240778,-116.69322855749888,41.611195806838595
86.53033640662198,-68.83225741743195,106.15334856906874,-22.65673681338587,56.23980410450063
-126.63545429664012,145.37251851306178,-17.8803636049609,48.47401730614408,84.89802605540942
150.70503501623102,153.23506241426733,165.321825822724,-9.246009249154547,32.21406712131376
201.45374682664772,-56.64283710870111,244.0756929216428,106.52185433751322,51.11240343256399
101.54051120765199,78.893473882542,139.34069005600637,216.85953296199628,50.42710269987544
224.2077215570111,-1.2887544755809373,131.83970820707646,-77.8270423617036,54.238683438373045
-272.46115481735643,-41.285634628297366,-40.27058565795016,168.93112554701912,70.14963183348875
173.04491135893164,247.92471597322373,104.90569236554921,18.52483326887848,53.58219954162949
64.87223252444021,36.71764159996765,-161.79163139075106,-231.80737676377137,106.39397125706958
362.9875060705925,117.7334648514632,209.57524641030548,155.94345599851871,56.331256026016895
-38.55177591568857,101.96087274076389,-96.11977048564262,50.15424826684567,82.73541413496278
-26.318606036057282,137.91696872423879,-74.42595863454676,107.06511677720061,13.321259288172875
174.93301583664416,-21.898726785334908,163.45483591467442,330.47077306455753,61.54523732581744
45.65402914887991,133.50071436757764,197.6817414046488,256.7923602272679,29.53567485864313
148.86690616107566,310.27755368294874,-54.69214409939749,126.88570773017042,83.20507163759274
184.60253498318605,-173.14057786122382,-42.67316497902191,71.02936595408322,26.573887663733068
-173.60765027685792,134.95266104240207,95.16224851103995,-29.20075350488785,65.09704163240232
-90.09764646210238,9.348406397947329,-280.3256866288949,131.95547174489843,19.586079932320636
68.06736076431025,116.26949730570175,-208.78646075945105,112.4981659872848,25.28472706810512
321.333993824137,103.0599056403542,55.991375594407096,51.04105630386644,42.59248393216834
-43.49229015312249,-66.0834125770202,9.780981376631765,-25.390149560159465,58.17952253486775
63.16094965302507,-4.175264298176046,308.87057709274933,217.08324484270608,60.18172012747556
72.84204482479356,223.8018361476595,134.63710486096537,-70.4500912092252,47.62468983322561
76.62933395279299,-34.55555885695269,56.45888013276117,-65.81489268716027,5.111900783169148
239.1339429705291,-196.92341871532273,217.31728383333882,-101.28038560607641,9.841634675117
73.97147981808459,54.29227649938498,124.16458265752885,-77.10134271974297,21.38860651976846
-12.906765376111956,-192.93157923672152,253.12135566022621,205.39022592786029,34.49709690890067
131.3074069466403,49.42018766471224,171.79982320346153,41.661394492785675,103.13244261959856
388.4381961088327,23.416929883674346,15.999895527532694,118.44001352040874,41.117999032861334
193.38576668509927,46.87655625102757,237.17057564881097,202.5543648765714,20.235604092885026
197.59473227569617,-161.56869704290455,193.9725819450196,7.454673918765309,18.329721986469384
39.70342311152058,-84.40306050814345,242.3000004934256,189.35200060207492,59.18414910441746
315.72600371733535,-175.67632285000315,-48.761158591551954,31.208305737672248,42.7798875837546
-49.881055868348916,78.6669314425833,128.93947696666683,89.5789907209365,76.7276212360452
-110.2379568340051,106.48505520178736,49.68642819132736,244.94165646459044,41.11188858001605
92.56855947171121,72.8388726485106,443.9854876181409,185.3250213920566,15.948033290436776
37.53762256446568,279.07930382992686,116.65644117581795,-66.55074205121429,121.6233209580546
226.5640448180897,-19.404032732876836,3.511251241364789,211.61930216288022,24.658077740782208
-49.98591292636949,137.06066535163487,105.35688649835619,115.84676749849413,69.78578392105982
-99.12527798692904,-82.87709236011491,-21.325513327657255,-25.556408506637815,66.50334984509394
11.415209350070853,75.41668284859284,255.37553658706491,307.18094759545465,5.188052143279059
238.6756504507223,38.52119029883676,112.70351603570897,-16.214976640457273,47.039865541435766
-16.12546535595593,57.793774250433025,235.16013008207295,-140.27947180259997,67.46939313185948
211.07669265231524,103.68127201429718,-47.862870533534554,66.57353811807916,3.6253352994638206
-274.57868928895596,105.96165016197128,184.23067314854362,83.87207043818965,44.1999679154942
30.29433119926667,-23.258925378044502,138.60458789008774,23.069402225586266,44.678650895805006
-28.169464622674376,-183.59538401639273,17.112867079594892,60.82011614563882,38.41274721837743
-267.0529627733026,162.16990907638956,81.36649730999343,74.07113038462415,31.288043378207355
230.60823400925983,70.27996002159851,31.016797539045946,25.613369407101178,24.476569442962287
320.6757699129682,84.93681919721637,158.271848492631,102.92801598216857,26.066502732337696
236.17898278418312,-48.23332809048021,-14.71315839181441,131.13625205812224,13.074812953345493
34.05964401278607,76.81778778824192,-143.8977181427307,84.5092370362874,28.134723640227897
-83.11737429529606,349.2432174815778,0.5780652758668268,117.45894588752421,97.86677394192284
137.53489793565564,15.268575165800065,-157.1423951705934,-18.937265384276778,-3.614050510868303
126.0187557641899,206.22437145277837,-117.11369003913157,-93.77685376381436,101.20381967113804
199.39657018192955,145.1454503795526,-35.581693712865395,-76.49127521902389,46.23134176519403
-26.372789279963705,311.2838284782223,-150.30302067353693,-74.13503362865669,100.45719445437415
-38.31057008387159,137.41252168971312,84.56319216378955,-5.484884247406278,23.903923571249216
229.6616965945582,159.9448873753859,-119.90149059953663,-69.88401756964248,28.892694404688637
137.8708583435558,1.7206090509524898,-74.73001884406679,44.96879578044225,62.85399191750027
24.635103422560313,-44.98041943130094,112.60512801638149,-53.239575236935316,27.794309064085834
24.185651900970907,42.3454400468172,112.98414281207613,64.92206744006188,132.8012158399381
58.32906536969449,280.24664026005127,11.763818855852577,-136.05562661965476,70.36959232821617
128.2779748704142,75.14825602213158,65.79050154900483,166.47422071915997,62.47925707608935
162.03106060685383,-16.728762194316154,-10.858833843788467,23.819535699927453,41.090171093128035
-114.98707194741905,183.28019400589832,111.85823987874987,-169.85981411778843,90.30633877293633
-17.98304352247427,322.37195127673505,57.38054108479439,203.75594739370828,59.4822476687654
-24.696893161070555,414.50954263923313,21.183175752282622,-122.21146087040745,82.48070759118212
78.28188511399185,178.1322639012869,83.52599488291881,31.196655163068566,58.93108730726858
15.885875550313145,179.29259870936497,302.99112575500465,-40.385805977925536,66.36821707757845
1.0507846413061657,-17.671971002140175,166.69194526386107,-127.12285266638793,47.41969356005217
-135.87534945451307,135.69800916850394,8.843189534663274,156.38017459437518,18.348707101511163
106.01952391749114,102.51071070092851,-41.31777125534243,212.68804713670235,42.88933210536134
